{"client_data": {"AGE": {"8": 35}, "ANCIENNETE_CREDIT": {"8": 27.0}, "ANCIENNETE_EMPLOI": {"8": 3}, "CB_SOMME_DUES_RETARD": {"8": 0.0}, "CC_NOMBRE_RETRAIT_MOYEN": {"8": 0.0}, "CC_RATIO_CREDIT": {"8": 0.0}, "CHARGES_ANNUEL": {"8": 28957.5}, "HEURE_APP": {"8": 18}, "NBRE_CONTRAT_ACTIFS": {"8": 3.0}, "NBRE_ENFANT": {"8": 0}, "NBRE_J_RETARD_Pas de retard de paiement": {"8": 0}, "NBRE_J_RETARD_Retard de paiement important": {"8": 0}, "NBRE_J_RETARD_Retard de paiement l\u00e9ger": {"8": 0}, "NIVEAU_ETUDE_BAC": {"8": 0}, "NIVEAU_ETUDE_COLLEGE": {"8": 0}, "NIVEAU_ETUDE_ENS_SUP": {"8": 1}, "OCCUPATION_Businessman": {"8": 0}, "OCCUPATION_Commercial associate": {"8": 0}, "OCCUPATION_Maternity leave": {"8": 0}, "OCCUPATION_Pensioner": {"8": 0}, "OCCUPATION_State servant": {"8": 1}, "OCCUPATION_Student": {"8": 0}, "OCCUPATION_Unemployed": {"8": 0}, "OCCUPATION_Working": {"8": 0}, "POS_PROGRESS_MAX_MIN": {"8": 20.0}, "PROPRIETAIRE_N": {"8": 0}, "PROPRIETAIRE_Y": {"8": 1}, "RATIO_CREDIT_REVENU": {"8": 1.16}, "REVENUS_TOT": {"8": 315000.0}, "SCORE_2_EXT": {"8": 0.8087877917779122}, "SCORE_REGION": {"8": 1}, "SECTEUR_ACTIVITE": {"8": 0.055607766876632055}}, "client_id": "100066", "feat_imp": {"Class_0": {"0": -0.21418851892190027, "1": 0.3742902531343006, "2": 0.7801879764352562, "3": -0.32767898183436456, "4": -0.01107843165166053, "5": -1.696618487825938, "6": -0.9738444690252329, "7": -0.11381974199938252, "8": -0.46023604043349065, "9": 1.1116497136974715, "10": -0.16699458465195724, "11": -0.24066506312019975, "12": 0.0, "13": 0.0, "14": 0.0, "15": 0.0, "16": 0.3864219420055636, "17": -0.02092695532613319, "18": -0.25809361203715836, "19": 0.03420305654662486, "20": 0.10068283188387134, "21": 0.061080764112855304, "22": 0.04095401609090338, "23": -0.09593833260274467, "24": -0.10986494454095481, "25": 0.09337706985805484, "26": 0.27548340724375475, "27": 0.8439096450392717, "28": 0.1597785157121144, "29": 0.05584637834496237, "30": 0.002462697827119771, "31": 0.006389225440564354}, "Class_1": {"0": 0.21418851892190027, "1": -0.3742902531343006, "2": -0.7801879764352562, "3": 0.32767898183436456, "4": 0.01107843165166053, "5": 1.696618487825938, "6": 0.9738444690252329, "7": 0.11381974199938252, "8": 0.46023604043349065, "9": -1.1116497136974715, "10": 0.16699458465195724, "11": 0.24066506312019975, "12": 0.0, "13": 0.0, "14": 0.0, "15": 0.0, "16": -0.3864219420055636, "17": 0.02092695532613319, "18": 0.25809361203715836, "19": -0.03420305654662486, "20": -0.10068283188387134, "21": -0.061080764112855304, "22": -0.04095401609090338, "23": 0.09593833260274467, "24": 0.10986494454095481, "25": -0.09337706985805484, "26": -0.27548340724375475, "27": -0.8439096450392717, "28": -0.1597785157121144, "29": -0.05584637834496237, "30": -0.002462697827119771, "31": -0.006389225440564354}, "index": {"0": "PROPRIETAIRE_N", "1": "PROPRIETAIRE_Y", "2": "NIVEAU_ETUDE_ENS_SUP", "3": "NIVEAU_ETUDE_BAC", "4": "NIVEAU_ETUDE_COLLEGE", "5": "NBRE_J_RETARD_Retard de paiement l\u00e9ger", "6": "NBRE_J_RETARD_Pas de retard de paiement", "7": "NBRE_J_RETARD_Retard de paiement important", "8": "OCCUPATION_Working", "9": "OCCUPATION_State servant", "10": "OCCUPATION_Commercial associate", "11": "OCCUPATION_Pensioner", "12": "OCCUPATION_Unemployed", "13": "OCCUPATION_Student", "14": "OCCUPATION_Businessman", "15": "OCCUPATION_Maternity leave", "16": "SECTEUR_ACTIVITE", "17": "NBRE_ENFANT", "18": "ANCIENNETE_CREDIT", "19": "CHARGES_ANNUEL", "20": "REVENUS_TOT", "21": "RATIO_CREDIT_REVENU", "22": "CC_RATIO_CREDIT", "23": "AGE", "24": "ANCIENNETE_EMPLOI", "25": "SCORE_REGION", "26": "HEURE_APP", "27": "SCORE_2_EXT", "28": "NBRE_CONTRAT_ACTIFS", "29": "POS_PROGRESS_MAX_MIN", "30": "CC_NOMBRE_RETRAIT_MOYEN", "31": "CB_SOMME_DUES_RETARD"}}, "score": 30}